{
  "norm_stats": {
    "state": {
      "mean": [
        -0.031022176146507263,
        0.7409668564796448,
        0.7257676124572754,
        -0.8544901013374329,
        0.0014413029421120882,
        0.031073875725269318,
        0.0,
        0.3899483382701874,
        1.4707512855529785,
        1.1508878469467163,
        -0.9707009792327881,
        -0.11739019304513931,
        0.2956336736679077,
        -1.2144871950149536
      ],
      "std": [
        0.11961771547794342,
        0.2604314684867859,
        0.06936859339475632,
        0.1178276389837265,
        0.03889065608382225,
        0.07820875942707062,
        0.0,
        0.12283725291490555,
        0.27831345796585083,
        0.2034314125776291,
        0.18454156816005707,
        0.0742115005850792,
        0.258308082818985,
        0.7735406160354614
      ],
      "q01": [
        -0.48473558540344236,
        0.6083355855941772,
        0.7008159368515015,
        -0.9101669635772704,
        -0.15740740356445312,
        -0.009067369651794437,
        0.0,
        -0.000433414077758789,
        0.6501330522537232,
        0.7011252534866333,
        -1.3728093414306641,
        -0.38900636253356935,
        -0.592039596748352,
        -2.45253055267334
      ],
      "q99": [
        0.2572483180999756,
        1.7425119216918945,
        1.0166237003326417,
        -0.40382657051086424,
        0.14385840606689454,
        0.41339946937561034,
        0.0,
        0.570300417327881,
        1.8829704015731812,
        1.5997218690872193,
        -0.6054593719482422,
        0.0004342004776001218,
        0.5714992374420167,
        -0.0005271991729736136
      ]
    },
    "actions": {
      "mean": [
        -0.0004701331490650773,
        0.002293969038873911,
        0.0005798375932499766,
        0.0009103619959205389,
        -0.00020389723067637533,
        0.00020833579765167087,
        0.0,
        0.001143964589573443,
        0.002421643352136016,
        0.001513794413767755,
        -0.0005275143194012344,
        -0.000484335731016472,
        0.0013679801486432552,
        -1.2158993482589722
      ],
      "std": [
        0.05412309989333153,
        0.11673101782798767,
        0.03675807639956474,
        0.05214884132146835,
        0.019974036142230034,
        0.0361587330698967,
        0.0,
        0.05589933693408966,
        0.1290503740310669,
        0.13296906650066376,
        0.15759499371051788,
        0.032878048717975616,
        0.05248238518834114,
        0.7720618844032288
      ],
      "q01": [
        -0.2301868965148926,
        -0.4034189994812012,
        -0.17054257602691653,
        -0.2073106767654419,
        -0.07253602905273437,
        -0.13039992408752438,
        0.0,
        -0.2788885004043579,
        -0.38439495391845707,
        -0.40661940479278563,
        -0.4520905542373657,
        -0.13589538135528564,
        -0.2599143081665039,
        -2.45253055267334
      ],
      "q99": [
        0.20561100940704347,
        0.5591517456054689,
        0.14378893508911128,
        0.21622189350128174,
        0.08532667083740236,
        0.14165350646972663,
        0.0,
        0.2040620834350586,
        0.4123574420928955,
        0.37354073390960685,
        0.46269577026367203,
        0.09464120273590088,
        0.1612201583862305,
        -0.0005271991729736136
      ]
    }
  }
}