{
  "norm_stats": {
    "state": {
      "mean": [
        -0.031022176146507263,
        0.7409668564796448,
        0.7257676124572754,
        -0.8544901013374329,
        0.0014413029421120882,
        0.031073875725269318,
        0.0,
        0.3899483382701874,
        1.4707512855529785,
        1.1508878469467163,
        -0.9707009792327881,
        -0.11739019304513931,
        0.2956336736679077,
        -1.2144871950149536
      ],
      "std": [
        0.11961771547794342,
        0.2604314684867859,
        0.06936859339475632,
        0.1178276389837265,
        0.03889065608382225,
        0.07820875942707062,
        0.0,
        0.12283725291490555,
        0.27831345796585083,
        0.2034314125776291,
        0.18454156816005707,
        0.0742115005850792,
        0.258308082818985,
        0.7735406160354614
      ],
      "q01": [
        -0.48473558540344236,
        0.6083355855941772,
        0.7008159368515015,
        -0.9101669635772704,
        -0.15740740356445312,
        -0.009067369651794437,
        0.0,
        -0.000433414077758789,
        0.6501330522537232,
        0.7011252534866333,
        -1.3728093414306641,
        -0.38900636253356935,
        -0.592039596748352,
        -2.45253055267334
      ],
      "q99": [
        0.2572483180999756,
        1.7425119216918945,
        1.0166237003326417,
        -0.40382657051086424,
        0.14385840606689454,
        0.41339946937561034,
        0.0,
        0.570300417327881,
        1.8829704015731812,
        1.5997218690872193,
        -0.6054593719482422,
        0.0004342004776001218,
        0.5714992374420167,
        -0.0005271991729736136
      ]
    },
    "actions": {
      "mean": [
        -0.0001659685658523813,
        0.0008161845034919679,
        0.00020580178534146398,
        0.000324131891829893,
        -0.00007176739745773375,
        0.00007397263834718615,
        0.0,
        0.00041364747448824346,
        0.0008767490508034825,
        0.0005478438688442111,
        -0.00016638216038700193,
        -0.00018046751210931689,
        0.0005025045247748494,
        -1.2149884700775146
      ],
      "std": [
        0.02233622409403324,
        0.04574093222618103,
        0.0173476729542017,
        0.022312719374895096,
        0.01007296983152628,
        0.015251949429512024,
        0.0,
        0.024221615865826607,
        0.051104139536619186,
        0.05410826951265335,
        0.06256135553121567,
        0.01572624407708645,
        0.02310292050242424,
        0.7730161547660828
      ],
      "q01": [
        -0.08585289192199708,
        -0.16807257843017576,
        -0.03951708030700685,
        -0.07782617301940914,
        -0.03100753936767578,
        -0.05129212036132813,
        0.0,
        -0.08212082481384275,
        -0.15882026138305666,
        -0.18562916946411132,
        -0.1928439380645752,
        -0.06109462356567383,
        -0.08648841228485107,
        -2.45253055267334
      ],
      "q99": [
        0.0853753662109375,
        0.20358516502380375,
        0.05463868522644039,
        0.08300296993255618,
        0.02756699829101561,
        0.05332750244140627,
        0.0,
        0.0762138328552246,
        0.15899617481231687,
        0.16178333091735841,
        0.1970602052688598,
        0.04952260475158693,
        0.07125847454071044,
        -0.0005271991729736136
      ]
    }
  }
}